{"cameraMode":{"drawMode":0,"name":"Shaded","section":"Shading Mode"},"sceneLighting":true,"audioPlay":false,"sceneViewState":{"showFog":true,"showMaterialUpdate":false,"showSkybox":true,"showFlares":true,"showImageEffects":true,"showParticleSystems":true},"in2DMode":false,"pivot":{"x":1.1470894813537598,"y":3.2238340377807619,"z":-6.105400085449219},"rotation":{"x":-0.2776491343975067,"y":-0.26174330711364748,"z":0.07890874892473221,"w":-0.9209693670272827},"size":7.918363094329834,"orthographic":false}